Bioderm,Toiletries,35.00,15
Lucky Me S Bulalo,Food,12.00,20
Palmolive,Toiletries,20.00,20
Paper towel,Toiletries,35.00,12
Safeguard,Toiletries,45.00,15
Candy,Food,5.00,100
Presto,Snacks,12.00,20
Colgate Org,Toiletries,55.00,7
Argentina CB,Canned,45.00,20
Lemon,Drinks,14.00,20
HNS Shampoo,Toiletries,15.00,20
Silca,Toiletries,40.00,15
SMB,Drinks,120.00,9
Skyflakes,Snacks,8.00,20
Mountain Dew,Drinks,12.00,6
Lucky Me Bulalo,Food,11.00,20
Rice 1kilo,Food,63.00,20
Hansel,Snacks,11.00,20
Bear Brand,Sachet,11.00,20
Lemon 1L,Drinks,40.00,12
Kopiko Black,Sachet,14.00,20
Pearla,Toiletries,8.00,12
Fudgee Bar,Snacks,10.00,15
Milo,Sachet,10.00,20
Pillows,Snacks,14.00,12
RedHorse S,Drinks,45.00,9
Bingo,Snacks,8.00,19
Close up Org,Toiletries,37.00,7
Rexona RO,Toiletries,47.00,8
Sprite 1L,Drinks,60.00,12
Royal,Drinks,16.00,20
Cobra,Drinks,26.00,20
Coke 1L,Drinks,60.00,12
Nissin Wafer,Snacks,11.00,25
555 Sardines,Canned,30.00,20
Cream O,Snacks,9.00,20
Coke,Drinks,16.00,20
Senorita,Canned,38.00,20
Blanca TW,Sachet,14.00,20
Egg,Food,10.00,36
Century Tuna,Canned,42.00,20
Sprite,Drinks,16.00,20
Royal 1L,Drinks,55.00,12
Tang Orange,Sachet,10.00,20
RedHorse B,Drinks,110.00,9
Piatos,Snacks,18.00,20
Sting,Drinks,22.00,20
Holiday Beef Loaf,Canned,37.00,20
Nestea,Sachet,11.00,20
Pancit Canton,Food,11.00,20
